{"0":{"0":0.8367006838,"1":0.8367006838,"2":0.7690598923},"1":{"0":0.6620738603,"1":0.3248659955,"2":0.3335211362}}