{"0":{"0":0.9989045565,"1":0.2254041054,"2":0.2254041054,"3":0.9989045565,"4":0.0,"5":0.0},"1":{"0":0.0,"1":0.0,"2":1.0,"3":1.0,"4":0.0,"5":0.0}}